﻿pos_x,pos_y,rotation,side,designator,mpn,pack,value,mount_type,place
140.25,-113.0,0.0,top,C2,,C_0805_2012Metric_Pad1.18x1.45mm_HandSolder,0.1uF,smt,True
141.5875,-102.65,0.0,top,C3,,C_0805_2012Metric_Pad1.18x1.45mm_HandSolder,0.1uF,smt,True
141.55,-104.9,0.0,top,C4,,C_0805_2012Metric_Pad1.18x1.45mm_HandSolder,10uF,smt,True
140.25,-115.5,180.0,top,D1,,SOT-123,MMSZ4684T1G,smt,True
137.0,-98.5,0.0,top,D2,,LED 0805,LED,smt,True
170.0,-97.0,90.0,top,J1,,CONSMA002-L-G,SMA,tht,True
147.0,-126.75,0.0,top,J3,,6PCV-02-007,Screw_Terminal_01x02,smt,True
148.55,-107.0,-90.0,top,R1,,R_0805_2012Metric_Pad1.20x1.40mm_HandSolder,910,smt,True
147.5,-113.5,0.0,top,R2,,R_0805_2012Metric_Pad1.20x1.40mm_HandSolder,100k,smt,True
140.25,-110.5,180.0,top,R3,,R_0805_2012Metric_Pad1.20x1.40mm_HandSolder,50,smt,True
148.55,-103.15,-90.0,top,R4,,R_0805_2012Metric_Pad1.20x1.40mm_HandSolder,1.8k,smt,True
170.0,-104.25,90.0,top,R5,,R_0805_2012Metric_Pad1.20x1.40mm_HandSolder,50,smt,True
130.25,-98.0,180.0,top,R6,,R_0805_2012Metric_Pad1.20x1.40mm_HandSolder,0,smt,True
122.95,-103.1,-90.0,top,R7,,R_0805_2012Metric_Pad1.20x1.40mm_HandSolder,5.1k,smt,True
120.95,-103.1,-90.0,top,R8,,R_0805_2012Metric_Pad1.20x1.40mm_HandSolder,5.1k,smt,True
141.5,-98.5,180.0,top,R9,,R_0805_2012Metric_Pad1.20x1.40mm_HandSolder,1.8k,smt,True
147.0,-118.0,90.0,top,U1,,Custom 6-pin SOIC (only for ACS37030ACS37032),ACS37030,smt,True
145.55,-107.15,90.0,top,U2,,SOT23-6,MCP633,smt,True
122.0,-98.0,180.0,top,USB1,,10164359-00011LF,USB_C_Receptacle_PowerOnly_6P,smt,True
