﻿designator,quantity,value,pack,mpn,mount_type
"C2, C3",2,0.1uF,C_0805_2012Metric_Pad1.18x1.45mm_HandSolder,,smt
C4,1,10uF,C_0805_2012Metric_Pad1.18x1.45mm_HandSolder,,smt
D1,1,MMSZ4684T1G,SOT-123,,smt
D2,1,LED,LED 0805,,smt
J1,1,SMA,CONSMA002-L-G,,tht
J3,1,Screw_Terminal_01x02,6PCV-02-007,,smt
R1,1,910,R_0805_2012Metric_Pad1.20x1.40mm_HandSolder,,smt
R2,1,100k,R_0805_2012Metric_Pad1.20x1.40mm_HandSolder,,smt
"R3, R5",2,50,R_0805_2012Metric_Pad1.20x1.40mm_HandSolder,,smt
"R4, R9",2,1.8k,R_0805_2012Metric_Pad1.20x1.40mm_HandSolder,,smt
R6,1,0,R_0805_2012Metric_Pad1.20x1.40mm_HandSolder,,smt
"R7, R8",2,5.1k,R_0805_2012Metric_Pad1.20x1.40mm_HandSolder,,smt
U1,1,ACS37030,Custom 6-pin SOIC (only for ACS37030ACS37032),,smt
U2,1,MCP633,SOT23-6,,smt
USB1,1,USB_C_Receptacle_PowerOnly_6P,10164359-00011LF,,smt
